{
	"format_version": "1.8.0",
	"animations": {
		"idle": {
			"loop": true,
			"animation_length": 2.08333,
			"bones": {
				"bone3": {
					"rotation": {
						"0.0": [2.74585, 1.21602, 6.90254],
						"0.8333": [162.05473, 12.31334, 577.29441],
						"1.375": [145.77119, -44.88824, 733.71795],
						"2.0833": [2.74585, 1.21602, 6.90254]
					},
					"position": {
						"0.0": [0, 0, 0],
						"0.8333": [-7, 0, 0],
						"2.0833": [0, 0, 0]
					}
				},
				"bone6": {
					"rotation": {
						"0.0": [0, 0, 0],
						"0.8333": [41.13146, 16.93957, 380.37224],
						"1.375": [60.42587, 76.51304, 205.02855],
						"2.0833": [0, 0, 0]
					}
				},
				"bone9": {
					"rotation": {
						"0.0": [0, 0, 0],
						"0.8333": [84.958, 24.74473, 511.63015],
						"1.375": [142.00381, -32.0099, 644.55657],
						"2.0833": [0, 0, 0]
					},
					"position": {
						"0.0": [0, 0, 0],
						"0.8333": [0, 11, 0],
						"2.0833": [0, 0, 0]
					}
				}
			}
		}
	}
}