{
	"format_version": "1.8.0",
	"animations": {
		"animation.pale_hound.run": {
			"loop": true,
			"animation_length": 0.33333,
			"bones": {
				"lowerbody": {
					"rotation": {
						"0.0": {
							"vector": [0, 12.5, -20]
						},
						"0.1333": {
							"vector": [0, -13.4948, -20]
						},
						"0.1667": {
							"vector": [0, -20, -20]
						},
						"0.3333": {
							"vector": [0, 12.5, -20]
						}
					},
					"position": {
						"0.0": {
							"vector": [0, -2, 0]
						},
						"0.1333": {
							"vector": [0, -1, 0]
						},
						"0.1667": {
							"vector": [0, -1, 0]
						},
						"0.3333": {
							"vector": [0, -2, 0]
						}
					}
				},
				"upperbody": {
					"rotation": {
						"0.0": {
							"vector": [7.11393, -11.44199, -30.16567]
						},
						"0.1667": {
							"vector": [-20.20285, 23.58047, -47.37703]
						},
						"0.3333": {
							"vector": [7.11393, -11.44199, -30.16567]
						}
					}
				},
				"neck": {
					"rotation": {
						"0.0": {
							"vector": [0, 0, 12.5]
						},
						"0.0667": {
							"vector": [0.6871, 0.15264, 25.10505]
						},
						"0.1": {
							"vector": [0.9553, 0.43476, 20.99358]
						},
						"0.1667": {
							"vector": [1.62571, 0.6742, 30.26873]
						},
						"0.2333": {
							"vector": [0.95692, 0.44672, 17.66273]
						},
						"0.3": {
							"vector": [0.33546, 0.10593, 18.38532]
						},
						"0.3333": {
							"vector": [0, 0, 15]
						}
					}
				},
				"head": {
					"rotation": {
						"0.0": {
							"vector": [2.5, 0, 37.5]
						},
						"0.0333": {
							"vector": [-5.62738, 0.05446, 36.25118]
						},
						"0.0667": {
							"vector": [1.24525, 0.10891, 35.00237]
						},
						"0.1": {
							"vector": [-6.88213, 0.16337, 33.75355]
						},
						"0.1333": {
							"vector": [-0.0095, 0.21782, 32.50473]
						},
						"0.1667": {
							"vector": [-0.00972, -12.28218, 32.50684]
						},
						"0.2": {
							"vector": [9.9065, 0.12348, 34.66813]
						},
						"0.2333": {
							"vector": [-0.0095, 0.21782, 32.50473]
						},
						"0.2667": {
							"vector": [-16.66745, 0.109, 36.66957]
						},
						"0.3": {
							"vector": [1.2418, -0.14421, 35.44751]
						},
						"0.3333": {
							"vector": [2.5, 0, 37.5]
						}
					}
				},
				"jaw": {
					"rotation": {
						"0.0": {
							"vector": [0, 0, -40]
						},
						"0.0333": {
							"vector": [0, 0, -33]
						},
						"0.0667": {
							"vector": [0, 0, -42.25]
						},
						"0.1": {
							"vector": [0, 0, -20.67]
						},
						"0.1333": {
							"vector": [0, -5, -35.33]
						},
						"0.1667": {
							"vector": [0, 0, -30]
						},
						"0.2": {
							"vector": [0, 0, -22]
						},
						"0.2333": {
							"vector": [0, 0, -31.5]
						},
						"0.2667": {
							"vector": [0, 0, -31.83]
						},
						"0.3": {
							"vector": [0, -7.5, -50.91]
						},
						"0.3333": {
							"vector": [0, 0, -40]
						}
					}
				},
				"rightupperarm": {
					"rotation": {
						"0.0": {
							"vector": [20.99259, -16.25659, 50.69034]
						},
						"0.0667": {
							"vector": [16.50066, -8.93487, 33.71592]
						},
						"0.1667": {
							"vector": [14.32639, 15.39568, -34.94014]
						},
						"0.2": {
							"vector": [8.19677, 4.058, -12.90833]
						},
						"0.2667": {
							"vector": [16.50066, -8.93487, 33.71592]
						},
						"0.3333": {
							"vector": [20.99259, -16.25659, 50.69034]
						}
					}
				},
				"leftupperarm": {
					"rotation": {
						"0.0": {
							"vector": [-12.69979, -14.71608, -43.08063]
						},
						"0.0333": {
							"vector": [-14.95985, -7.26045, -25.68887]
						},
						"0.1667": {
							"vector": [-22.15589, 15.25367, 45.6056]
						},
						"0.2": {
							"vector": [-17.13365, 7.79498, 28.19843]
						},
						"0.3": {
							"vector": [-14.95985, -7.26045, -25.68887]
						},
						"0.3333": {
							"vector": [-12.69979, -14.71608, -43.08063]
						}
					}
				},
				"upperleftleg": {
					"rotation": {
						"0.0": {
							"vector": [-10, 0, 50]
						},
						"0.1667": {
							"vector": [-6.12673, -7.9185, -2.07555]
						},
						"0.3333": {
							"vector": [-10, 0, 50]
						}
					}
				},
				"lowerleftleg": {
					"rotation": {
						"0.0": {
							"vector": [0, 0, 10]
						},
						"0.0667": {
							"vector": [0, 0, -25.99]
						},
						"0.1667": {
							"vector": [0, 0, -57.5]
						},
						"0.2667": {
							"vector": [0, 0, -25.99]
						},
						"0.3333": {
							"vector": [0, 0, 10]
						}
					}
				},
				"upperrightleg": {
					"rotation": {
						"0.0": {
							"vector": [0, 0, -12.5]
						},
						"0.1667": {
							"vector": [20.9477, 7.30111, 53.52406]
						},
						"0.3333": {
							"vector": [0, 0, -12.5]
						}
					}
				},
				"lowerrightleg": {
					"rotation": {
						"0.0": {
							"vector": [0, 0, -50]
						},
						"0.0667": {
							"vector": [0, 0, -61.01]
						},
						"0.1667": {
							"vector": [0, 0, 10]
						},
						"0.2": {
							"vector": [0, 0, -1.15]
						},
						"0.2667": {
							"vector": [0, 0, -61.01]
						},
						"0.3333": {
							"vector": [0, 0, -50]
						}
					}
				},
				"rightlowerarm": {
					"rotation": {
						"0.0": {
							"vector": [0, 0, 100]
						},
						"0.0667": {
							"vector": [0, 0, 69.5]
						},
						"0.1667": {
							"vector": [0, 0, 27.5]
						},
						"0.2667": {
							"vector": [0, 0, 69.5]
						},
						"0.3333": {
							"vector": [0, 0, 100]
						}
					}
				},
				"righthand": {
					"rotation": {
						"vector": [0, 0, 0]
					}
				},
				"leftlowerarm": {
					"rotation": {
						"0.0": {
							"vector": [0, 0, 30]
						},
						"0.0667": {
							"vector": [0, 0, 58.5]
						},
						"0.1667": {
							"vector": [0, 0, 100]
						},
						"0.2667": {
							"vector": [0, 0, 58.5]
						},
						"0.3333": {
							"vector": [0, 0, 30]
						}
					}
				},
				"head2": {
					"rotation": {
						"0.0": {
							"vector": [0, 0, 0]
						},
						"0.0333": {
							"vector": [-12.5, 0, 0]
						},
						"0.0667": {
							"vector": [-12.5, -5, 0]
						},
						"0.1": {
							"vector": [-12.5, 2.5, 0]
						},
						"0.1333": {
							"vector": [-17.05309, 4.92901, 1.27619]
						},
						"0.1667": {
							"vector": [-21.50173, 7.44665, 2.33751]
						},
						"0.2": {
							"vector": [-19.28941, 6.17783, 1.83345]
						},
						"0.2333": {
							"vector": [-16.73867, 10.50932, 1.3185]
						},
						"0.2667": {
							"vector": [-14.52941, 9.27679, 0.93149]
						},
						"0.3": {
							"vector": [-10.85269, 15.83216, 0.45538]
						},
						"0.3333": {
							"vector": [0, 0, 0]
						}
					},
					"position": {
						"vector": [-1, -7, -10]
					}
				}
			}
		},
		"animation.pale_hound.run_idle": {
			"loop": true,
			"animation_length": 1.08333,
			"bones": {
				"upperleftleg": {
					"rotation": {
						"0.0": {
							"vector": [-4.75408, 3.40545, 37.41671]
						},
						"0.5417": {
							"vector": [-5.2718, 2.52943, 27.44165]
						},
						"0.8333": {
							"vector": [-5.232, 2.59677, 28.20844]
						},
						"1.0833": {
							"vector": [-4.75408, 3.40545, 37.41671]
						}
					}
				},
				"upperrightleg": {
					"rotation": {
						"0.0": {
							"vector": [4.7525, -1.92049, 25.01849]
						},
						"0.5417": {
							"vector": [5.05462, -0.84777, 12.56077]
						},
						"0.8333": {
							"vector": [5.0314, -0.93023, 13.51841]
						},
						"1.0833": {
							"vector": [4.7525, -1.92049, 25.01849]
						}
					}
				},
				"lowerbody": {
					"rotation": {
						"0.0": {
							"vector": [0, 0, -22.5]
						},
						"0.5417": {
							"vector": [0, 0, -17.5]
						},
						"0.8333": {
							"vector": [0, 0, -15.38]
						},
						"1.0833": {
							"vector": [0, 0, -22.5]
						}
					},
					"position": {
						"0.0": {
							"vector": [0, -0.6, 0]
						},
						"0.5417": {
							"vector": [0, -0.1, 0]
						},
						"1.0833": {
							"vector": [0, -0.6, 0]
						}
					}
				},