{
	"format_version": "1.8.0",
	"animations": {
		"animation.model.new": {
			"loop": true,
			"animation_length": 0.95833,
			"bones": {
				"bone2": {
					"rotation": {
						"0.0": {
							"vector": [0, 0, 0]
						},
						"0.125": {
							"vector": [0, 0, -85]
						},
						"0.2083": {
							"vector": [-106.43641, -39.51472, -377.77555]
						},
						"0.25": {
							"vector": [-127.79981, 20.5379, -288.31354]
						},
						"0.4167": {
							"vector": [-87.89231, 13.6053, -230.30972]
						},
						"0.5417": {
							"vector": [-55.86541, 70.03374, -153.85698]
						},
						"0.625": {
							"vector": [-64.69987, 30.13334, -179.8548]
						},
						"0.75": {
							"vector": [-47.59868, 14.10245, -187.46906]
						},
						"0.8333": {
							"vector": [-71.10727, -34.41168, -229.8702]
						},
						"0.9583": {
							"vector": [0, 0, 0]
						}
					},
					"position": {
						"0.0": {
							"vector": [0, 39, 0]
						},
						"0.125": {
							"vector": [30, 8, 0]
						},
						"0.25": {
							"vector": [22, 8, 0]
						},
						"0.4167": {
							"vector": [44, 17, 0]
						},
						"0.5417": {
							"vector": [44, 4, 8]
						},
						"0.625": {
							"vector": [23, 10, -12]
						},
						"0.75": {
							"vector": [23, 10, 6]
						},
						"0.8333": {
							"vector": [18, 10, 6]
						},
						"0.9583": {
							"vector": [0, 39, 0]
						}
					}
				},
				"bone3": {
					"rotation": {
						"0.0": {
							"vector": [14.32948, -23.07193, 51.47425]
						},
						"0.125": {
							"vector": [60, 0, 0]
						},
						"0.25": {
							"vector": [6.35087, -26.92014, 81.59034]
						},
						"0.375": {
							"vector": [-18.15226, -35.48096, 5.54398]
						},
						"0.5417": {
							"vector": [-62.5, 0, 0]
						},
						"0.6667": {
							"vector": [59.86691, 34.98996, -78.91176]
						},
						"0.7917": {
							"vector": [108.70678, 56.66729, -48.43416]
						},
						"0.9167": {
							"vector": [14.32948, -23.07193, 51.47425]
						}
					},
					"position": {
						"0.0": {
							"vector": [-12, 21, 14]
						},
						"0.125": {
							"vector": [0, 15, 18]
						},
						"0.1667": {
							"vector": [0, 9, 20]
						},
						"0.2917": {
							"vector": [0, 12.6, 16.2]
						},
						"0.375": {
							"vector": [0, 15, 7]
						},
						"0.5": {
							"vector": [0, 26, 23]
						},
						"0.5417": {
							"vector": [0, 15, 7]
						},
						"0.6667": {
							"vector": [0, 21, 22]
						},
						"0.7917": {
							"vector": [-11, 21, 12]
						},
						"0.9167": {
							"vector": [-12, 21, 14]
						}
					}
				},
				"bone4": {
					"rotation": {
						"0.0": {
							"vector": [0, 0, 0]
						},
						"0.1667": {
							"vector": [0, 0, -82.5]
						},
						"0.2083": {
							"vector": [-21.74657, 0, -82.5]
						},
						"0.3333": {
							"vector": [94.21813, -3.6298, -194.12595]
						},
						"0.4167": {
							"vector": [72.72124, -68.90303, -186.68103]
						},
						"0.625": {
							"vector": [-148.12516, -44.45981, 46.10847]
						},
						"0.7083": {
							"vector": [-224.81589, -31.30305, 150.10203]
						},
						"0.8333": {
							"vector": [-204.00983, -15.49984, 141.86893]
						},
						"0.9583": {
							"vector": [0, 0, 0]
						}
					},
					"position": {
						"0.0": {
							"vector": [0, 39, 0]
						},
						"0.1667": {
							"vector": [-24, 21, 0]
						},
						"0.3333": {
							"vector": [-14.5, 30, 0]
						},
						"0.375": {
							"vector": [-4.65, 39.04, 0]
						},
						"0.4167": {
							"vector": [-14.75, 21.5, 0]
						},
						"0.5": {
							"vector": [-27, 39, 0]
						},
						"0.5417": {
							"vector": [-15, 42, 0]
						},
						"0.625": {
							"vector": [1, 42, 0]
						},
						"0.7083": {
							"vector": [1, 42, 5]
						},
						"0.8333": {
							"vector": [1, 42, 12]
						},
						"0.9583": {
							"vector": [0, 39, 0]
						}
					}
				},
				"bone5": {
					"rotation": {
						"0.0": {
							"vector": [0, 0, 0]
						},
						"0.125": {
							"vector": [47.5, 0, 0]
						},
						"0.25": {
							"vector": [-34.87887, -12.19908, 21.99054]
						},
						"0.375": {
							"vector": [-47.5, 0, 0]
						},
						"0.5417": {
							"vector": [1.03509, -22.47741, 87.29431]
						},
						"0.625": {
							"vector": [54.93962, -15.83917, 226.12173]
						},
						"0.7083": {
							"vector": [-38.67189, -42.61264, 413.38637]
						},
						"0.8333": {
							"vector": [20.51287, -39.37418, 418.43642]
						},
						"0.9583": {
							"vector": [0, 0, 0]
						}
					},
					"position": {
						"0.0": {
							"vector": [0, 0, -22]
						},
						"0.125": {
							"vector": [0, 23, -43]
						},
						"0.25": {
							"vector": [0, 26, -43]
						},
						"0.375": {
							"vector": [0, 26, -43]
						},
						"0.5417": {
							"vector": [0, 17, -43]
						},
						"0.625": {
							"vector": [10, 17, -43]
						},
						"0.7083": {
							"vector": [19, 17, -43]
						},
						"0.8333": {
							"vector": [16, 17, -28]
						},
						"0.9583": {
							"vector": [0, 0, -22]
						}
					}
				},
				"bone6": {
					"rotation": {
						"0.0": {
							"vector": [0, 0, 0]
						},
						"0.0833": {
							"vector": [23.97594, -7.30111, 77.61436]
						},
						"0.125": {
							"vector": [0, 37.5, -42.5]
						},
						"0.2083": {
							"vector": [-4.43541, -69.9183, -216.34942]
						},
						"0.3333": {
							"vector": [208.39569, -45.26692, -289.49338]
						},
						"0.4167": {
							"vector": [258.32486, -6.35337, -300.14392]
						},
						"0.4583": {
							"vector": [249.602, -54.75769, -284.56017]
						},
						"0.5417": {
							"vector": [104.70274, -37.58774, -130.54722]
						},
						"0.6667": {
							"vector": [180.76441, -30.9406, -66.62329]
						},
						"0.7917": {
							"vector": [226.25442, -51.37095, -161.77748]
						},
						"0.875": {
							"vector": [200.45126, 77.83189, 62.84072]
						},
						"0.9583": {
							"vector": [0, 0, 0]
						}
					},
					"position": {
						"0.0": {
							"vector": [0, 0, 0]
						},
						"0.2083": {
							"vector": [-25, 39, 0]
						},
						"0.3333": {
							"vector": [-11, 39, 0]
						},
						"0.4167": {
							"vector": [-11, 34, 0]
						},
						"0.4583": {
							"vector": [-11, 34, 7]
						},
						"0.5417": {
							"vector": [-11, 36, 8]
						},
						"0.6667": {
							"vector": [-11, 36, -14]
						},
						"0.7917": {
							"vector": [-11, 31, -14]
						},
						"0.9583": {
							"vector": [0, 0, 0]
						}
					}
				}
			}
		}
	},
	"geckolib_format_version": 2
}